Headline,Sport
'I am not here for a vacation' - Ronaldo ready for Man Utd homecoming,football
Miedema hits 100 as Arsenal reach Champions League group stage,football
"Football 'sliding backwards' on racism, Ferdinand tells MPs and peers",football
New England manager Wiegman outlines vision for success,football
A World Cup every two years - what is Wenger's plan all about?,football
'Painful final minutes for England but one step closer to Qatar',football
Brentford sign Denmark defender Jorgensen,football
Is Ronaldo essential for week four? Fantasy football tips,football
Lawro's Premier League predictions v The Vaccines singer Justin Young,football
Former Germany defender Boateng convicted of assaulting ex-girlfriend,football
The summer signings who could make an impact on the Premier League this weekend,football
'Firm and unanimous' opposition to plans for World Cup every two years,football
Why is Ronaldo's Man Utd return not on UK TV?,football
"Fernandes talks Ronaldo, penalties and naps with MOTDx",football
Bolton report racist abuse of striker Kachunga to police,football
A design 'tour de force' - Spurs stadium wins architecture prize,football
Scottish fans group wary of vaccine passport 'inequalities and exclusions',football
Japan withdraws as Club World Cup hosts,football
'Why disrupt it?' Southgate defends lack of substitutions,football
'Next month will be a big month' - Baraclough positive about Qatar chances,football
Wales' routes to the World Cup explained,football
Watford enter 'new era' without Deeney,football
Free football tickets for jabbed South Africans,football
Fantasy 606 podcast: The Three Musketeers reunite,football
PSG to pursue Chelsea's Rudiger - Thursday's gossip,football
What now for St Johnstone after double departure & winless league start?,football
Pele 'recovering well' following surgery,football
Issues above Arbroath? Germany make emergency landing in Edinburgh on return from Iceland,football
Rooney unhappy with Derby scheduling,football
Wales call up Leicester's England U21 forward Cain,football
Watch: Northern Ireland and Switzerland in Belfast stalemate,football
England concede late equaliser to Poland in World Cup qualifier,football
England still have work to do - Southgate,football
"The art of one-on-one defending, by England & Man City's Greenwood",football
Highlights: Arsenal shock defending champions Chelsea,football
'Little not a player Scotland can replace',football
The 46-year-old former Sampdoria star returning to playing after 12-year drugs ban,football
'Mood shifts with World Cup destiny in Scotland's own hands',football
'The players sang my name' - the Englishman who became a Spanish team's celebrity fan,football
"VAR, fans and TV coverage - Talking points from WSL's opening weekend",football
"'When football stopped, I thought about killing myself' - Scarborough Athletic's Cartman ",football
'No excuses now' - Who had the best transfer window?,football
From tears to champion: How Ronaldo became a Euros legend,football
Who makes the WSL top 10 lists? Test your knowledge,football
Quiz: How well do you know Ronaldo?,football
Quiz: Players who came back to haunt former clubs,football
Can you name these 10 Champions League legends?,football
How has the Premier League succeeded?,football
England's perfect record takes a late blow,football
Could football be accelerating dementia?,football
Camila Cabello performs in the Live Lounge,football
Sink or swim for this poolside romance?,football
The inside world of a criminal empire,football
Your guide to live sport from the BBC,football
'It was chaos - the only way was through the flames',football
"Tragedy, withdrawal & ruthlessness: The Luis Enrique story",football
How a Man Utd legend left for Dunstable Town,football
'They ridiculed me before the match... we annihilated them',football
All the latest from the Premier League,football
Scottish Premiership,football
Championship,football
Women's football,football
Welsh football,football
Irish football,football
European football,football
How has the Premier League succeeded?,football
England's perfect record takes a late blow,football
Could football be accelerating dementia?,football
Camila Cabello performs in the Live Lounge,football
Sink or swim for this poolside romance?,football
The inside world of a criminal empire,football
Your guide to live sport from the BBC,football
'I'm going in on level terms' - Russell expects no problems as Hamilton team-mate,formula1
Raikkonen to miss Italian GP,formula1
"Schumacher 'different, but here' says wife Corinna in new documentary",formula1
Albon to drive for Williams in 2022,formula1
"'You have to have a sense of humour or you get crazy' - Alonso on loving, and hating, F1",formula1
Italian Grand Prix coverage on the BBC,formula1
Briton Russell joins Mercedes for 2022,formula1
Why Mercedes had to sign 'exceptionally good' Russell,formula1
'Everyone has the same right to love' - Vettel on speaking out as an LGBTQ+ ally,formula1
Archive: What does Russell get up to on his day off in Monaco?,formula1
Bottas to drive for Alfa Romeo with Russell expected to join Mercedes,formula1
LGBT Sport Podcast: The One with Sebastian Vettel and Matt Bishop,formula1
'I have never seen a nation get behind a driver in this manner',formula1
Chequered Flag Podcast - Verstappen's home win,formula1
The Sports Desk: Is motorsport killing the planet - or helping save it?,formula1
Uncertainty hangs over most intense F1 title fight for years,formula1
The race that had it all intensifies an already classic season,formula1
'A seismic moment that will become a defining part of F1 history',formula1
'F1 breaks new ground but jury still out on sprint qualifying',formula1
The man with F1's future in his hands,formula1
"'A dizzying intellect and an intimidating, often controversial, man' - Max Mosley obituary",formula1
The F1 champion crowned beyond the grave,formula1
The exceptional kid who conquered the world,formula1
Is F1 poised for a Mercedes-Red Bull battle in 2021?,formula1
Murray Walker - a legend with effervescent enthusiasm,formula1
Chequered Flag podcast: Belgian GP review,formula1
Watch: Hamilton on increasing diversity in motorsport,formula1
Sportshour podcast: The last woman at Silverstone,formula1
Alonso feels 'lucky' on F1 return,formula1
Button 'very proud' to have new Extreme E team,formula1
"Money Heist, Arsenal and tackling racism - who is Lance Stroll?",formula1
'He's going to ignite an army of Hamilton wannabes',formula1
Chequered Flag podcast: Belgian GP review,formula1
Watch: Hamilton on increasing diversity in motorsport,formula1
Sportshour podcast: The last woman at Silverstone,formula1
Alonso feels 'lucky' on F1 return,formula1
Button 'very proud' to have new Extreme E team,formula1
"Money Heist, Arsenal and tackling racism - who is Lance Stroll?",formula1
'He's going to ignite an army of Hamilton wannabes',formula1
Watch: England v New Zealand - third T20 highlights,cricket
England win thriller to take women's T20 series against New Zealand,cricket
England v India Test set to go ahead after no further positive Covid-19 tests,cricket
Knight hits crucial knock on 200th England appearance,cricket
'World-class wicketkeeping' - Jones' sharp take dismisses Green,cricket
Rashid stands down as Afghan T20 captain minutes after World Cup squad announced,cricket
Sussex paceman Mills in England's preliminary T20 squad ,cricket
USA's Malhotra becomes ninth man to hit six sixes in an over,cricket
Watch all six boundaries in Bates' 34 from 30 balls,cricket
Australia will cancel Afghanistan Test if women cannot play,cricket
"Middlesex wrap up big win as Sussex's Haines becomes first to pass 1,000 runs this summer",cricket
"Stumped podcast: Afghanistan, England v India and Disability Premier League",cricket
"Coetzer leads Scots for T20 World Cup, Trott joins coaching team",cricket
T20 World Cup squads - full list,cricket
"Fiery Kohli has shot at history, but England can stop him - Agnew",cricket
Buttler will definitely play in fifth Test against India - Root,cricket
England v India - fixtures & results,cricket
Watch on BBC iPlayer: Today at the Test,cricket
From cricket-mad family to professional career - meet Anuj Dal,cricket
'By the end of Christmas Day I had learnt the fielding positions' - how Nikki Chaudhuri started out,cricket
When the Bharat Army got Shikhar Dhawan dancing,cricket
Hundred star Dattani on her cricket journey and spirituality,cricket
Hiding in Kabul - the cricketers who fear for their lives,cricket
'Over-the-top Kohli faces questions over his form and his captaincy',cricket
Who can succeed Essex as county champions?,cricket
When you have 413 Test wickets but can't get a game,cricket
England produce perfect performance to level series - Agnew,cricket
'The best in the world' - Root's stunning year and the records he could break,cricket
"'Ronaldo, Federer, Brady - Anderson deserves place among ageless champions'",cricket
Future tour dates,cricket
Jonathan Agnew - analysis and opinion from the BBC's cricket correspondent,cricket
County ins and outs,cricket
How to get into cricket,cricket
Live cricket coverage on the BBC,cricket
No Balls: The Cricket Podcast - 'I'd offer you a nut... but Covid!',cricket
TMS podcast: England collapse to final-day defeat,cricket
View from the Boundary: Chris Addison on The Thick Of It and his admiration for Tammy Beaumont,cricket
Tailenders podcast: Tax Free,cricket
"TMS podcast: A sleeping captain, Bella the elephant and a historic win",cricket
TMS podcast: Cook's Oval farewell,cricket
Live cricket coverage on the BBC,cricket
No Balls: The Cricket Podcast - 'I'd offer you a nut... but Covid!',cricket
TMS podcast: England collapse to final-day defeat,cricket
View from the Boundary: Chris Addison on The Thick Of It and his admiration for Tammy Beaumont,cricket
Tailenders podcast: Tax Free,cricket
"TMS podcast: A sleeping captain, Bella the elephant and a historic win",cricket
TMS podcast: Cook's Oval farewell,cricket
'Weird to be in US Open semi-finals - but I'm so excited to get out there',tennis
'What a story!' - Raducanu's rise transcending tennis,tennis
Salisbury to face Murray in US Open men's doubles final,tennis
'I didn't expect to be here' - Raducanu had flights booked back to UK a fortnight ago,tennis
Djokovic to face Zverev in semi-finals,tennis
Raducanu reaches semi-finals on US Open debut,tennis
Raducanu 'in that handful who will be dominating tennis' - Wade,tennis
Teenager Fernandez stuns fifth seed Svitolina to reach US Open semis,tennis
GB's Salisbury & Murray both reach men's doubles semis,tennis
Rogers expects death threats on social media after loss to Raducanu,tennis
'It is right to be excited about wise and fearless Raducanu',tennis
British teenager Raducanu dominates Rogers to reach US Open quarter-finals,tennis
US Open - live scores & order of play,tennis
World number one Djokovic battles into US Open quarter-finals,tennis
Djokovic wins Wimbledon for 20th Slam,tennis
Barty beats Pliskova to win maiden Wimbledon title,tennis
Highlights: Djokovic wins sixth Wimbledon title,tennis
Highlights: Barty conquers Wimbledon for first time,tennis
Federer 'really does not know' if he will play at Wimbledon again,tennis
'The whole experience caught up with me' - Raducanu 'feeling better' after retiring,tennis
"'Federer v Sampras was a change of era, a lift-off moment'",tennis
Quiz: Federer at the Grand Slams,tennis
Quiz: Can you name every Wimbledon men's champion?,tennis
Quiz: Can you name every Wimbledon women's champion,tennis
How well do you know Andy Murray?,tennis
Watch Zverev's best shots as he wins men's singles gold,tennis
Zverev stuns Djokovic in Olympic semi-final to end 'Golden Slam' hopes,tennis
'Upset complete' - Home favourite Osaka crashes out of Tokyo Olympics,tennis
Watch best shots from Osaka's first-round victory,tennis
Murray and Salisbury win through to second round,tennis
"Djoko's victory selfie, Cruise returns & Dates v Bananas - day 13 best bits",tennis
History made! Watch the moment Djokovic won a sixth Wimbledon title,tennis
The near-death experience still shaping a 'future champion',tennis
"'Machine-like', 'a sweetheart' & '24-hour stress to coach' - sides of Djokovic that shaped a champion",tennis
Why is Rafael Nadal so good on clay?,tennis
Tennis' 'most awkward' champion & the true power of her voice,tennis
The man who took a 'scaredy cat' and built a 'raging bull',tennis
'I'd go back and have all the fun again' - Sue Barker on 1976 French Open win,tennis
How Sampras defied injury to become 'the greatest',tennis
Watch Zverev's best shots as he wins men's singles gold,tennis
Zverev stuns Djokovic in Olympic semi-final to end 'Golden Slam' hopes,tennis
'Upset complete' - Home favourite Osaka crashes out of Tokyo Olympics,tennis
Watch best shots from Osaka's first-round victory,tennis
Murray and Salisbury win through to second round,tennis
"Djoko's victory selfie, Cruise returns & Dates v Bananas - day 13 best bits",tennis
History made! Watch the moment Djokovic won a sixth Wimbledon title,tennis
"Barcelona have offloaded players left, right and centre - including Lionel Messi - and are still shackled by more than Â£1bn of debt. Where do they go from here?",football
"Cristiano Ronaldo is confident of bringing the glory days back to Manchester United as the Portugual forward insisted he is ""not here for a vacation"".",football
Who is red hot in the Premier League right now? Sky Sports ranks every player after the opening three matchdays...,football
"Liverpool defender Virgil van Dijk told Jurgen Klopp he is ""200 per cent"" fit despite an ankle injury scare while on international duty with the Netherlands.",football
Who is David Prutton tipping for victory in the Sky Bet Championship this weekend? Find out here...,football
Vivianne Miedema's hat-trick helped Arsenal beat Slavia Prague 4-0 on the night and 7-0 on aggregate as the Gunners progressed to the Champions League group stage.,football
Cristiano Ronaldo is in line for his second Man Utd debut against Newcastle - and you can watch free match highlights with Sky Sports.,football
Liverpool believe FIFA has no basis with which to ban Premier League clubs from selecting South American players who were refused permission to go on internationals.,football
"The Overhaul is nearly over, but will Cristiano Ronaldo take up a position in your Fantasy Football side ahead of Saturday?",football
"With Cristiano Ronaldo, Raphael Varane and Jadon Sancho through the door, should expectation levels increase at Manchester United?",football
"Our tipster Jones Knows thinks Man City, Chelsea and Liverpool will all win without conceding this weekend. You can get 22/1 with Sky Bet.",football
"No Sergio Aguero, Harry Kane or Cristiano Ronaldo, so are Man City still title favourites? Ferran Torres holds the key.",football
The Polish FA has denied that there was a racial element to a confrontation between Poland's Kamil Glik and England's Kyle Walker during Wednesday's World Cup Qualifier.,football
"Michael Schumacher's wife, Corinna, said the Formula 1 great is ""different, but he's here"" as the 52-year-old continues his rehabilitation.",f1
"It's time for the Italian GP, with a twist, this weekend as the 2021 season speeds onto historic Monza. Watch it all live on Sky Sports F1.",f1
Alex Albon will return to the Formula 1 grid as a replacement for Mercedes-bound George Russell in the 2022 season.,f1
Assessing how George Russell earned the call-up to Mercedes for 2022 and the excitement already building for next year.,f1
"George Russell will join Mercedes as Lewis Hamilton's next team-mate, with the world champions confirming their all-British 2022 driver line-up.",f1
"Lewis Hamilton has lauded Valtteri Bottas as his greatest Formula 1 team-mate and says he ""will be missed"".",f1
A look back at over-by-over commentary and in-play clips from England's four-wicket win over New Zealand in the third T20 international at Taunton.,cricket
"Jos Buttler says England are preparing for ""one last big push"" in the fifth Test against India as the international summer comes to an end at Emirates Old Trafford.",cricket
Australia's cricket board says it will scrap a planned Test match against Afghanistan if the country's Taliban rulers do not allow women to play the sport.,cricket
"Sussex captain Tom Haines became the first batsman to score 1,000 LV= Insurance County Championship runs this season in his side's defeat to Middlesex.",cricket
British teenager Emma Raducanu continued her astonishing run at the US Open by reaching the semi-finals with a stunning victory over Olympic champion Belinda Bencic.,tennis
"Novak Djokovic survived the biggest test so far in his bid for the calendar Grand Slam, coming from a set down against Matteo Berrettini to reach the US Open semi-finals.",tennis
Andy Murray has accepted a wild card to compete in the second-tier Rennes Open Challenger in France next week.,tennis
Order of Play for Day 11 at the US Open in New York with teenagers Emma Raducanu and Leylah Fernandez in semi-final action.,tennis
